<?xml version="1.0" encoding="UTF-8"?><CodeSystem xmlns="http://hl7.org/fhir"><id value="MMDIntervalCS"/><text><status value="generated"/><div xmlns="http://www.w3.org/1999/xhtml"><p>This code system <code>https://path-global-health.github.io/MERindicators/CodeSystem/MMDIntervalCS</code> defines the following codes:</p><table class="codes"><tr><td style="white-space:nowrap"><b>Code</b></td></tr><tr><td style="white-space:nowrap">3to5MMD<a name="MMDIntervalCS-3to5MMD"> </a></td></tr><tr><td style="white-space:nowrap">6MMD<a name="MMDIntervalCS-6MMD"> </a></td></tr></table></div></text><url value="https://path-global-health.github.io/MERindicators/CodeSystem/MMDIntervalCS"/><version value="0.0.1"/><name value="MMDIntervalCS"/><title value="MMDIntervalCS"/><status value="draft"/><experimental value="true"/><date value="2023-07-02T12:34:58+00:00"/><publisher value="PATH"/><contact><name value="PATH"/><telecom><system value="url"/><value value="https://www.path.org"/></telecom><telecom><system value="email"/><value value="info@path.org"/></telecom></contact><contact><name value="PATH"/><telecom><system value="email"/><value value="info@path.org"/><use value="work"/></telecom></contact><description value="MMDIntervalCS"/><jurisdiction><coding><system value="http://unstats.un.org/unsd/methods/m49/m49.htm"/><code value="001"/><display value="World"/></coding></jurisdiction><caseSensitive value="false"/><content value="complete"/><count value="2"/><concept><code value="3to5MMD"/></concept><concept><code value="6MMD"/></concept></CodeSystem>