<?xml version="1.0" encoding="UTF-8"?><ValueSet xmlns="http://hl7.org/fhir"><id value="KeyPop"/><text><status value="generated"/><div xmlns="http://www.w3.org/1999/xhtml"><ul><li>Include all codes defined in <a href="CodeSystem-KeyPopCS.html"><code>https://path-global-health.github.io/MERindicators/CodeSystem/KeyPopCS</code></a></li></ul></div></text><url value="https://path-global-health.github.io/MERindicators/ValueSet/KeyPop"/><version value="0.0.1"/><name value="KeyPop"/><title value="KeyPop"/><status value="draft"/><experimental value="true"/><date value="2023-06-22T13:19:54+00:00"/><publisher value="PATH"/><contact><name value="PATH"/><telecom><system value="url"/><value value="https://www.path.org"/></telecom><telecom><system value="email"/><value value="info@path.org"/></telecom></contact><contact><name value="PATH"/><telecom><system value="email"/><value value="info@path.org"/><use value="work"/></telecom></contact><description value="KeyPop"/><jurisdiction><coding><system value="http://unstats.un.org/unsd/methods/m49/m49.htm"/><code value="001"/><display value="World"/></coding></jurisdiction><compose><include><system value="https://path-global-health.github.io/MERindicators/CodeSystem/KeyPopCS"/></include></compose></ValueSet>