{"resourceType":"CodeSystem","id":"OpenHIECS","text":{"status":"generated","div":"<div xmlns=\"http://www.w3.org/1999/xhtml\"><p>This code system <code>https://path-global-health.github.io/MERindicators/CodeSystem/OpenHIECS</code> defines the following code:</p><table class=\"codes\"><tr><td style=\"white-space:nowrap\"><b>Code</b></td><td><b>Display</b></td></tr><tr><td style=\"white-space:nowrap\">432101000124108<a name=\"OpenHIECS-432101000124108\"> </a></td><td>History of antiretroviral therapy (situation)</td></tr></table></div>"},"url":"https://path-global-health.github.io/MERindicators/CodeSystem/OpenHIECS","version":"0.0.1","name":"OpenHIECS","title":"OpenHIE CodeSystem","status":"draft","experimental":true,"date":"2023-07-02T18:52:09+00:00","publisher":"PATH","contact":[{"name":"PATH","telecom":[{"system":"url","value":"https://www.path.org"},{"system":"email","value":"info@path.org"}]},{"name":"PATH","telecom":[{"system":"email","value":"info@path.org","use":"work"}]}],"description":"OpenHIE CodeSystem","jurisdiction":[{"coding":[{"system":"http://unstats.un.org/unsd/methods/m49/m49.htm","code":"001","display":"World"}]}],"caseSensitive":false,"content":"complete","count":1,"concept":[{"code":"432101000124108","display":"History of antiretroviral therapy (situation)"}]}