<?xml version="1.0" encoding="UTF-8"?>

<CodeSystem xmlns="http://hl7.org/fhir">
  <id value="OpenHIE"/>
  <text>
    <status value="generated"/><div xmlns="http://www.w3.org/1999/xhtml"><p>This code system <code>https://path-global-health.github.io/MERindicators/CodeSystem/OpenHIE</code> defines the following codes:</p><table class="codes"><tr><td style="white-space:nowrap"><b>Code</b></td><td><b>Display</b></td></tr><tr><td style="white-space:nowrap">cohort<a name="OpenHIE-cohort"> </a></td><td>cohort</td></tr><tr><td style="white-space:nowrap">432101000124108<a name="OpenHIE-432101000124108"> </a></td><td>History of antiretroviral therapy (situation)</td></tr></table></div>
  </text>
  <url value="https://path-global-health.github.io/MERindicators/CodeSystem/OpenHIE"/>
  <version value="0.0.1"/>
  <name value="OpenHIE"/>
  <title value="OpenHIE CodeSystem"/>
  <status value="draft"/>
  <experimental value="true"/>
  <date value="2023-06-22T13:19:54+00:00"/>
  <publisher value="PATH"/>
  <contact>
    <name value="PATH"/>
    <telecom>
      <system value="url"/>
      <value value="https://www.path.org"/>
    </telecom>
    <telecom>
      <system value="email"/>
      <value value="info@path.org"/>
    </telecom>
  </contact>
  <contact>
    <name value="PATH"/>
    <telecom>
      <system value="email"/>
      <value value="info@path.org"/>
      <use value="work"/>
    </telecom>
  </contact>
  <description value="OpenHIE CodeSystem"/>
  <jurisdiction>
    <coding>
      <system value="http://unstats.un.org/unsd/methods/m49/m49.htm"/>
      <code value="001"/>
      <display value="World"/>
    </coding>
  </jurisdiction>
  <caseSensitive value="false"/>
  <content value="complete"/>
  <count value="2"/>
  <concept>
    <code value="cohort"/>
    <display value="cohort"/>
  </concept>
  <concept>
    <code value="432101000124108"/>
    <display value="History of antiretroviral therapy (situation)"/>
  </concept>
</CodeSystem>