{
  "resourceType" : "CodeSystem",
  "id" : "CIEL",
  "text" : {
    "status" : "generated",
    "div" : "<div xmlns=\"http://www.w3.org/1999/xhtml\"><p>This code system <code>https://path-global-health.github.io/MERindicators/CodeSystem/CIEL</code> defines the following codes:</p><table class=\"codes\"><tr><td style=\"white-space:nowrap\"><b>Code</b></td><td><b>Display</b></td></tr><tr><td style=\"white-space:nowrap\">1065<a name=\"CIEL-1065\"> </a></td><td>YES</td></tr><tr><td style=\"white-space:nowrap\">1066<a name=\"CIEL-1066\"> </a></td><td>NO</td></tr><tr><td style=\"white-space:nowrap\">1067<a name=\"CIEL-1067\"> </a></td><td>Unknown</td></tr><tr><td style=\"white-space:nowrap\">1434<a name=\"CIEL-1434\"> </a></td><td>Currently pregnant</td></tr><tr><td style=\"white-space:nowrap\">138405<a name=\"CIEL-138405\"> </a></td><td>Human immunodeficiency virus (HIV) disease</td></tr><tr><td style=\"white-space:nowrap\">160119<a name=\"CIEL-160119\"> </a></td><td>CURRENTLY TAKING ARV</td></tr><tr><td style=\"white-space:nowrap\">86663<a name=\"CIEL-86663\"> </a></td><td>Zidovudine</td></tr><tr><td style=\"white-space:nowrap\">74807<a name=\"CIEL-74807\"> </a></td><td>Didanosine</td></tr></table></div>"
  },
  "url" : "https://path-global-health.github.io/MERindicators/CodeSystem/CIEL",
  "version" : "0.0.1",
  "name" : "CIEL",
  "title" : "CIEL",
  "status" : "draft",
  "experimental" : true,
  "date" : "2023-07-02T18:44:38+00:00",
  "publisher" : "PATH",
  "contact" : [{
    "name" : "PATH",
    "telecom" : [{
      "system" : "url",
      "value" : "https://www.path.org"
    },
    {
      "system" : "email",
      "value" : "info@path.org"
    }]
  },
  {
    "name" : "PATH",
    "telecom" : [{
      "system" : "email",
      "value" : "info@path.org",
      "use" : "work"
    }]
  }],
  "description" : "Columbia International eHealth Laboratory (CIEL)",
  "jurisdiction" : [{
    "coding" : [{
      "system" : "http://unstats.un.org/unsd/methods/m49/m49.htm",
      "code" : "001",
      "display" : "World"
    }]
  }],
  "caseSensitive" : false,
  "content" : "complete",
  "count" : 8,
  "concept" : [{
    "code" : "1065",
    "display" : "YES"
  },
  {
    "code" : "1066",
    "display" : "NO"
  },
  {
    "code" : "1067",
    "display" : "Unknown"
  },
  {
    "code" : "1434",
    "display" : "Currently pregnant"
  },
  {
    "code" : "138405",
    "display" : "Human immunodeficiency virus (HIV) disease"
  },
  {
    "code" : "160119",
    "display" : "CURRENTLY TAKING ARV"
  },
  {
    "code" : "86663",
    "display" : "Zidovudine"
  },
  {
    "code" : "74807",
    "display" : "Didanosine"
  }]
}