{"resourceType":"CodeSystem","id":"MMDIntervalCS","text":{"status":"generated","div":"<div xmlns=\"http://www.w3.org/1999/xhtml\"><p>This code system <code>https://path-global-health.github.io/MERindicators/CodeSystem/MMDIntervalCS</code> defines the following codes:</p><table class=\"codes\"><tr><td style=\"white-space:nowrap\"><b>Code</b></td></tr><tr><td style=\"white-space:nowrap\">3to5MMD<a name=\"MMDIntervalCS-3to5MMD\"> </a></td></tr><tr><td style=\"white-space:nowrap\">6MMD<a name=\"MMDIntervalCS-6MMD\"> </a></td></tr></table></div>"},"url":"https://path-global-health.github.io/MERindicators/CodeSystem/MMDIntervalCS","version":"0.0.1","name":"MMDIntervalCS","title":"MMDIntervalCS","status":"draft","experimental":true,"date":"2023-06-28T16:41:17+00:00","publisher":"PATH","contact":[{"name":"PATH","telecom":[{"system":"url","value":"https://www.path.org"},{"system":"email","value":"info@path.org"}]},{"name":"PATH","telecom":[{"system":"email","value":"info@path.org","use":"work"}]}],"description":"MMDIntervalCS","jurisdiction":[{"coding":[{"system":"http://unstats.un.org/unsd/methods/m49/m49.htm","code":"001","display":"World"}]}],"caseSensitive":false,"content":"complete","count":2,"concept":[{"code":"3to5MMD"},{"code":"6MMD"}]}