{"resourceType":"ValueSet","id":"FocusPop","text":{"status":"generated","div":"<div xmlns=\"http://www.w3.org/1999/xhtml\"><ul><li>Include all codes defined in <a href=\"CodeSystem-FocusPopCS.html\"><code>https://path-global-health.github.io/MERindicators/CodeSystem/FocusPopCS</code></a></li></ul></div>"},"url":"https://path-global-health.github.io/MERindicators/ValueSet/FocusPop","version":"0.0.1","name":"FocusPop","title":"FocusPop","status":"draft","experimental":true,"date":"2023-06-27T23:00:32+00:00","publisher":"PATH","contact":[{"name":"PATH","telecom":[{"system":"url","value":"https://www.path.org"},{"system":"email","value":"info@path.org"}]},{"name":"PATH","telecom":[{"system":"email","value":"info@path.org","use":"work"}]}],"description":"FocusPop","jurisdiction":[{"coding":[{"system":"http://unstats.un.org/unsd/methods/m49/m49.htm","code":"001","display":"World"}]}],"compose":{"include":[{"system":"https://path-global-health.github.io/MERindicators/CodeSystem/FocusPopCS"}]}}