{
  "resourceType" : "Organization",
  "id" : "Organization-HIVSimple1",
  "text" : {
    "status" : "generated",
    "div" : "<div xmlns=\"http://www.w3.org/1999/xhtml\"><p><b>Generated Narrative: Organization</b><a name=\"Organization-HIVSimple1\"> </a></p><div style=\"display: inline-block; background-color: #d9e0e7; padding: 6px; margin: 4px; border: 1px solid #8da1b4; border-radius: 5px; line-height: 60%\"><p style=\"margin-bottom: 0px\">Resource Organization &quot;Organization-HIVSimple1&quot; </p></div><p><b>identifier</b>: id:\u00a0Organization-HIVSimple1</p><p><b>name</b>: Organization-HIVSimple Government Hospital</p></div>"
  },
  "identifier" : [{
    "system" : "https://github.com/synthetichealth/synthea",
    "value" : "Organization-HIVSimple1"
  }],
  "name" : "Organization-HIVSimple Government Hospital"
}