<?xml version="1.0" encoding="UTF-8"?><ValueSet xmlns="http://hl7.org/fhir"><id value="CIELHIVMedications"/><text><status value="generated"/><div xmlns="http://www.w3.org/1999/xhtml"><ul><li>Include these codes as defined in <a href="CodeSystem-CIEL.html"><code>https://openconceptlab.org/orgs/CIEL/sources/CIEL</code></a><table class="none"><tr><td style="white-space:nowrap"><b>Code</b></td><td><b>Display</b></td></tr><tr><td><a href="CodeSystem-CIEL.html#CIEL-86663">86663</a></td><td>Zidovudine</td></tr><tr><td><a href="CodeSystem-CIEL.html#CIEL-74807">74807</a></td><td>Didanosine</td></tr></table></li></ul></div></text><url value="https://path-global-health.github.io/MERindicators/ValueSet/CIELHIVMedications"/><version value="0.0.1"/><name value="CIELHIVMedications"/><title value="CIELHIVMedications"/><status value="draft"/><experimental value="true"/><date value="2023-07-01T08:06:17+00:00"/><publisher value="PATH"/><contact><name value="PATH"/><telecom><system value="url"/><value value="https://www.path.org"/></telecom><telecom><system value="email"/><value value="info@path.org"/></telecom></contact><contact><name value="PATH"/><telecom><system value="email"/><value value="info@path.org"/><use value="work"/></telecom></contact><description value="CIELHIVMedications"/><jurisdiction><coding><system value="http://unstats.un.org/unsd/methods/m49/m49.htm"/><code value="001"/><display value="World"/></coding></jurisdiction><compose><include><system value="https://openconceptlab.org/orgs/CIEL/sources/CIEL"/><concept><code value="86663"/><display value="Zidovudine"/></concept><concept><code value="74807"/><display value="Didanosine"/></concept></include></compose></ValueSet>