{"resourceType":"CodeSystem","id":"FocusPopCS","text":{"status":"generated","div":"<div xmlns=\"http://www.w3.org/1999/xhtml\"><p>This code system <code>https://path-global-health.github.io/MERindicators/CodeSystem/FocusPopCS</code> defines the following codes:</p><table class=\"codes\"><tr><td style=\"white-space:nowrap\"><b>Code</b></td></tr></table></div>"},"url":"https://path-global-health.github.io/MERindicators/CodeSystem/FocusPopCS","version":"0.0.1","name":"FocusPopCS","title":"FocusPopCS","status":"draft","experimental":true,"date":"2023-07-02T19:52:48+00:00","publisher":"PATH","contact":[{"name":"PATH","telecom":[{"system":"url","value":"https://www.path.org"},{"system":"email","value":"info@path.org"}]},{"name":"PATH","telecom":[{"system":"email","value":"info@path.org","use":"work"}]}],"description":"FocusPopCS","jurisdiction":[{"coding":[{"system":"http://unstats.un.org/unsd/methods/m49/m49.htm","code":"001","display":"World"}]}],"caseSensitive":false,"content":"complete"}