{"resourceType":"ValueSet","id":"SNOMEDHIVMedications","text":{"status":"generated","div":"<div xmlns=\"http://www.w3.org/1999/xhtml\"><ul><li>Include these codes as defined in <a href=\"http://www.snomed.org/\"><code>http://snomed.info/sct</code></a><table class=\"none\"><tr><td style=\"white-space:nowrap\"><b>Code</b></td><td><b>Display</b></td></tr><tr><td><a href=\"http://snomed.info/id/376938001\">376938001</a></td><td>Zidovudine 300 mg oral tablet</td></tr></table></li></ul></div>"},"url":"https://path-global-health.github.io/MERindicators/ValueSet/SNOMEDHIVMedications","version":"0.0.1","name":"SNOMEDHIVMedications","title":"SNOMEDHIVMedications","status":"draft","experimental":true,"date":"2023-06-26T07:15:55+00:00","publisher":"PATH","contact":[{"name":"PATH","telecom":[{"system":"url","value":"https://www.path.org"},{"system":"email","value":"info@path.org"}]},{"name":"PATH","telecom":[{"system":"email","value":"info@path.org","use":"work"}]}],"description":"SNOMEDHIVMedications","jurisdiction":[{"coding":[{"system":"http://unstats.un.org/unsd/methods/m49/m49.htm","code":"001","display":"World"}]}],"compose":{"include":[{"system":"http://snomed.info/sct","concept":[{"code":"376938001","display":"Zidovudine 300 mg oral tablet"}]}]}}