{
  "resourceType" : "Patient",
  "id" : "PatientOMRS0",
  "meta" : {
    "profile" : ["http://fhir.openmrs.org/core/StructureDefinition/omrs-patient"]
  },
  "text" : {
    "status" : "generated",
    "div" : "<div xmlns=\"http://www.w3.org/1999/xhtml\"><p style=\"border: 1px #661aff solid; background-color: #e6e6ff; padding: 10px;\"><b>Ricky Jeannette </b> male, DoB: 1996-12-12 ( OpenMRS ID:\u00a04343534\u00a0(use:\u00a0OFFICIAL))</p><hr/><table class=\"grid\"><tr><td style=\"background-color: #f3f5da\" title=\"Record is active\">Active:</td><td>true</td><td style=\"background-color: #f3f5da\" title=\"Known status of Patient\">Deceased:</td><td colspan=\"3\">false</td></tr></table></div>"
  },
  "identifier" : [{
    "extension" : [{
      "url" : "http://fhir.openmrs.org/core/StructureDefinition/omrs-patient-identifier-location",
      "valueReference" : {
        "reference" : "Location/a3b793f0-eb53-4cda-92ce-fe0a77106252",
        "type" : "Location",
        "display" : "Inpatient Ward"
      }
    }],
    "use" : "official",
    "type" : {
      "coding" : [{
        "system" : "http://terminology.hl7.org/CodeSystem/v2-0203",
        "code" : "MR"
      }],
      "text" : "OpenMRS ID"
    },
    "value" : "4343534"
  }],
  "active" : true,
  "name" : [{
    "family" : "Jeannette",
    "given" : ["Ricky"]
  }],
  "gender" : "male",
  "birthDate" : "1996-12-12",
  "deceasedBoolean" : false
}