{
  "resourceType" : "ValueSet",
  "id" : "OnARV",
  "text" : {
    "status" : "generated",
    "div" : "<div xmlns=\"http://www.w3.org/1999/xhtml\"><p>This value set includes codes based on the following rules:</p><ul><li>Include these codes as defined in <a href=\"http://www.snomed.org/\"><code>http://snomed.info/sct</code></a><table class=\"none\"><tr><td style=\"white-space:nowrap\"><b>Code</b></td><td><b>Display</b></td></tr><tr><td><a href=\"http://snomed.info/id/432101000124108\">432101000124108</a></td><td>History of antiretroviral therapy (situation)</td></tr></table></li><li>Include these codes as defined in <a href=\"CodeSystem-OpenHIE.html\"><code>https://path-global-health.github.io/MERindicators/CodeSystem/OpenHIE</code></a><table class=\"none\"><tr><td style=\"white-space:nowrap\"><b>Code</b></td><td><b>Display</b></td></tr><tr><td><a href=\"CodeSystem-OpenHIE.html#OpenHIE-432101000124108\">432101000124108</a></td><td>History of antiretroviral therapy (situation)</td></tr></table></li><li>Include these codes as defined in <a href=\"CodeSystem-CIEL.html\"><code>https://openconceptlab.org/orgs/CIEL/sources/CIEL</code></a><table class=\"none\"><tr><td style=\"white-space:nowrap\"><b>Code</b></td><td><b>Display</b></td></tr><tr><td><a href=\"CodeSystem-CIEL.html#CIEL-160119\">160119</a></td><td>CURRENTLY TAKING ARV</td></tr></table></li></ul></div>"
  },
  "url" : "https://path-global-health.github.io/MERindicators/ValueSet/OnARV",
  "version" : "0.0.1",
  "name" : "OnARV",
  "title" : "History of antiretroviral therapy (situation)",
  "status" : "draft",
  "experimental" : true,
  "date" : "2023-07-02T09:23:24+00:00",
  "publisher" : "PATH",
  "contact" : [{
    "name" : "PATH",
    "telecom" : [{
      "system" : "url",
      "value" : "https://www.path.org"
    },
    {
      "system" : "email",
      "value" : "info@path.org"
    }]
  },
  {
    "name" : "PATH",
    "telecom" : [{
      "system" : "email",
      "value" : "info@path.org",
      "use" : "work"
    }]
  }],
  "description" : "History of antiretroviral therapy (situation)",
  "jurisdiction" : [{
    "coding" : [{
      "system" : "http://unstats.un.org/unsd/methods/m49/m49.htm",
      "code" : "001",
      "display" : "World"
    }]
  }],
  "compose" : {
    "include" : [{
      "system" : "http://snomed.info/sct",
      "concept" : [{
        "code" : "432101000124108",
        "display" : "History of antiretroviral therapy (situation)"
      }]
    },
    {
      "system" : "https://path-global-health.github.io/MERindicators/CodeSystem/OpenHIE",
      "concept" : [{
        "code" : "432101000124108",
        "display" : "History of antiretroviral therapy (situation)"
      }]
    },
    {
      "system" : "https://openconceptlab.org/orgs/CIEL/sources/CIEL",
      "concept" : [{
        "code" : "160119",
        "display" : "CURRENTLY TAKING ARV"
      }]
    }]
  }
}