{
   "library" : {
      "annotation" : [ {
         "translatorOptions" : "EnableLocators,DisableListDemotion,DisableListPromotion",
         "type" : "CqlToElmInfo"
      } ],
      "identifier" : {
         "id" : "MERDataElements",
         "system" : "https://path-global-health.github.io/MERindicators",
         "version" : "0.1.0"
      },
      "schemaIdentifier" : {
         "id" : "urn:hl7-org:elm",
         "version" : "r1"
      },
      "usings" : {
         "def" : [ {
            "localIdentifier" : "System",
            "uri" : "urn:hl7-org:elm-types:r1"
         }, {
            "locator" : "3:1-3:26",
            "localIdentifier" : "FHIR",
            "uri" : "http://hl7.org/fhir",
            "version" : "4.0.1"
         } ]
      },
      "includes" : {
         "def" : [ {
            "locator" : "5:1-5:35",
            "localIdentifier" : "FHIRHelpers",
            "path" : "https://path-global-health.github.io/MERindicators/FHIRHelpers",
            "version" : "4.0.1"
         }, {
            "locator" : "6:1-6:44",
            "localIdentifier" : "FC",
            "path" : "https://path-global-health.github.io/MERindicators/FHIRCommon",
            "version" : "4.0.1"
         }, {
            "locator" : "7:1-7:29",
            "localIdentifier" : "Cx",
            "path" : "https://path-global-health.github.io/MERindicators/MERConcepts"
         } ]
      },
      "parameters" : {
         "def" : [ {
            "locator" : "12:1-12:94",
            "name" : "Measurement Period",
            "accessLevel" : "Public",
            "default" : {
               "locator" : "12:59-12:94",
               "lowClosed" : true,
               "highClosed" : true,
               "type" : "Interval",
               "low" : {
                  "locator" : "12:68-12:79",
                  "type" : "DateTime",
                  "year" : {
                     "valueType" : "{urn:hl7-org:elm-types:r1}Integer",
                     "value" : "1990",
                     "type" : "Literal"
                  },
                  "month" : {
                     "valueType" : "{urn:hl7-org:elm-types:r1}Integer",
                     "value" : "1",
                     "type" : "Literal"
                  },
                  "day" : {
                     "valueType" : "{urn:hl7-org:elm-types:r1}Integer",
                     "value" : "1",
                     "type" : "Literal"
                  }
               },
               "high" : {
                  "locator" : "12:82-12:93",
                  "type" : "DateTime",
                  "year" : {
                     "valueType" : "{urn:hl7-org:elm-types:r1}Integer",
                     "value" : "2022",
                     "type" : "Literal"
                  },
                  "month" : {
                     "valueType" : "{urn:hl7-org:elm-types:r1}Integer",
                     "value" : "12",
                     "type" : "Literal"
                  },
                  "day" : {
                     "valueType" : "{urn:hl7-org:elm-types:r1}Integer",
                     "value" : "31",
                     "type" : "Literal"
                  }
               }
            },
            "parameterTypeSpecifier" : {
               "locator" : "12:32-12:49",
               "type" : "IntervalTypeSpecifier",
               "pointType" : {
                  "locator" : "12:41-12:48",
                  "name" : "{urn:hl7-org:elm-types:r1}DateTime",
                  "type" : "NamedTypeSpecifier"
               }
            }
         } ]
      },
      "contexts" : {
         "def" : [ {
            "locator" : "14:1-14:15",
            "name" : "Patient"
         } ]
      },
      "statements" : {
         "def" : [ {
            "locator" : "14:1-14:15",
            "name" : "Patient",
            "context" : "Patient",
            "expression" : {
               "type" : "SingletonFrom",
               "operand" : {
                  "locator" : "14:1-14:15",
                  "dataType" : "{http://hl7.org/fhir}Patient",
                  "templateId" : "http://hl7.org/fhir/StructureDefinition/Patient",
                  "type" : "Retrieve"
               }
            }
         }, {
            "locator" : "17:1-19:87",
            "name" : "Deceased",
            "context" : "Patient",
            "accessLevel" : "Public",
            "expression" : {
               "locator" : "18:3-19:87",
               "type" : "And",
               "operand" : [ {
                  "locator" : "18:3-18:30",
                  "type" : "Not",
                  "operand" : {
                     "locator" : "18:3-18:30",
                     "type" : "IsNull",
                     "operand" : {
                        "locator" : "18:3-18:18",
                        "path" : "deceased",
                        "type" : "Property",
                        "source" : {
                           "locator" : "18:3-18:9",
                           "name" : "Patient",
                           "type" : "ExpressionRef"
                        }
                     }
                  }
               }, {
                  "locator" : "19:7-19:87",
                  "type" : "Or",
                  "operand" : [ {
                     "locator" : "19:8-19:31",
                     "type" : "IsTrue",
                     "operand" : {
                        "name" : "ToBoolean",
                        "libraryName" : "FHIRHelpers",
                        "type" : "FunctionRef",
                        "operand" : [ {
                           "asType" : "{http://hl7.org/fhir}boolean",
                           "type" : "As",
                           "operand" : {
                              "locator" : "19:8-19:23",
                              "path" : "deceased",
                              "type" : "Property",
                              "source" : {
                                 "locator" : "19:8-19:14",
                                 "name" : "Patient",
                                 "type" : "ExpressionRef"
                              }
                           }
                        } ]
                     }
                  }, {
                     "locator" : "19:36-19:86",
                     "type" : "Before",
                     "operand" : [ {
                        "name" : "ToDateTime",
                        "libraryName" : "FHIRHelpers",
                        "type" : "FunctionRef",
                        "operand" : [ {
                           "asType" : "{http://hl7.org/fhir}dateTime",
                           "type" : "As",
                           "operand" : {
                              "locator" : "19:36-19:51",
                              "path" : "deceased",
                              "type" : "Property",
                              "source" : {
                                 "locator" : "19:36-19:42",
                                 "name" : "Patient",
                                 "type" : "ExpressionRef"
                              }
                           }
                        } ]
                     }, {
                        "locator" : "19:60-19:86",
                        "type" : "End",
                        "operand" : {
                           "locator" : "19:67-19:86",
                           "name" : "Measurement Period",
                           "type" : "ParameterRef"
                        }
                     } ]
                  } ]
               } ]
            }
         }, {
            "locator" : "53:1-54:48",
            "name" : "Pregnant",
            "context" : "Patient",
            "accessLevel" : "Public",
            "expression" : {
               "locator" : "54:3-54:48",
               "type" : "Exists",
               "operand" : {
                  "locator" : "54:10-54:48",
                  "dataType" : "{http://hl7.org/fhir}Condition",
                  "templateId" : "http://hl7.org/fhir/StructureDefinition/Condition",
                  "codeProperty" : "code",
                  "codeComparator" : "~",
                  "type" : "Retrieve",
                  "codes" : {
                     "type" : "ToList",
                     "operand" : {
                        "locator" : "54:24-54:47",
                        "name" : "Pregnancy (finding)",
                        "libraryName" : "Cx",
                        "type" : "CodeRef"
                     }
                  }
               }
            }
         }, {
            "locator" : "100:1-102:25",
            "name" : "Contact date",
            "context" : "Patient",
            "accessLevel" : "Public",
            "expression" : {
               "locator" : "101:3-102:25",
               "type" : "Query",
               "source" : [ {
                  "locator" : "101:3-101:15",
                  "alias" : "E",
                  "expression" : {
                     "locator" : "101:3-101:13",
                     "dataType" : "{http://hl7.org/fhir}Encounter",
                     "templateId" : "http://hl7.org/fhir/StructureDefinition/Encounter",
                     "type" : "Retrieve"
                  }
               } ],
               "relationship" : [ ],
               "return" : {
                  "locator" : "102:5-102:25",
                  "expression" : {
                     "locator" : "102:12-102:25",
                     "path" : "start",
                     "type" : "Property",
                     "source" : {
                        "locator" : "102:12-102:19",
                        "path" : "period",
                        "scope" : "E",
                        "type" : "Property"
                     }
                  }
               }
            }
         }, {
            "locator" : "112:1-114:28",
            "name" : "ART Therapy Observation",
            "context" : "Patient",
            "accessLevel" : "Public",
            "expression" : {
               "locator" : "113:3-114:28",
               "type" : "Query",
               "source" : [ {
                  "locator" : "113:3-113:71",
                  "alias" : "O",
                  "expression" : {
                     "locator" : "113:3-113:69",
                     "dataType" : "{http://hl7.org/fhir}Observation",
                     "templateId" : "http://hl7.org/fhir/StructureDefinition/Observation",
                     "codeProperty" : "code",
                     "codeComparator" : "~",
                     "type" : "Retrieve",
                     "codes" : {
                        "type" : "ToList",
                        "operand" : {
                           "locator" : "113:19-113:68",
                           "name" : "History of antiretroviral therapy (situation)",
                           "libraryName" : "Cx",
                           "type" : "CodeRef"
                        }
                     }
                  }
               } ],
               "relationship" : [ ],
               "where" : {
                  "locator" : "114:5-114:28",
                  "type" : "Equal",
                  "operand" : [ {
                     "name" : "ToString",
                     "libraryName" : "FHIRHelpers",
                     "type" : "FunctionRef",
                     "operand" : [ {
                        "locator" : "114:11-114:18",
                        "path" : "status",
                        "scope" : "O",
                        "type" : "Property"
                     } ]
                  }, {
                     "locator" : "114:22-114:28",
                     "valueType" : "{urn:hl7-org:elm-types:r1}String",
                     "value" : "final",
                     "type" : "Literal"
                  } ]
               }
            }
         }, {
            "locator" : "120:1-123:40",
            "name" : "ART Therapy Condition",
            "context" : "Patient",
            "accessLevel" : "Public",
            "expression" : {
               "locator" : "121:3-123:40",
               "type" : "Query",
               "source" : [ {
                  "locator" : "121:3-121:69",
                  "alias" : "C",
                  "expression" : {
                     "locator" : "121:3-121:67",
                     "dataType" : "{http://hl7.org/fhir}Condition",
                     "templateId" : "http://hl7.org/fhir/StructureDefinition/Condition",
                     "codeProperty" : "code",
                     "codeComparator" : "~",
                     "type" : "Retrieve",
                     "codes" : {
                        "type" : "ToList",
                        "operand" : {
                           "locator" : "121:17-121:66",
                           "name" : "History of antiretroviral therapy (situation)",
                           "libraryName" : "Cx",
                           "type" : "CodeRef"
                        }
                     }
                  }
               } ],
               "relationship" : [ ],
               "where" : {
                  "locator" : "122:5-123:40",
                  "type" : "And",
                  "operand" : [ {
                     "locator" : "122:11-122:47",
                     "type" : "Equivalent",
                     "operand" : [ {
                        "name" : "ToConcept",
                        "libraryName" : "FHIRHelpers",
                        "type" : "FunctionRef",
                        "operand" : [ {
                           "locator" : "122:11-122:30",
                           "path" : "verificationStatus",
                           "scope" : "C",
                           "type" : "Property"
                        } ]
                     }, {
                        "type" : "ToConcept",
                        "operand" : {
                           "locator" : "122:34-122:47",
                           "name" : "confirmed",
                           "libraryName" : "FC",
                           "type" : "CodeRef"
                        }
                     } ]
                  }, {
                     "locator" : "123:11-123:40",
                     "type" : "Equivalent",
                     "operand" : [ {
                        "name" : "ToConcept",
                        "libraryName" : "FHIRHelpers",
                        "type" : "FunctionRef",
                        "operand" : [ {
                           "locator" : "123:11-123:26",
                           "path" : "clinicalStatus",
                           "scope" : "C",
                           "type" : "Property"
                        } ]
                     }, {
                        "type" : "ToConcept",
                        "operand" : {
                           "locator" : "123:30-123:40",
                           "name" : "active",
                           "libraryName" : "FC",
                           "type" : "CodeRef"
                        }
                     } ]
                  } ]
               }
            }
         }, {
            "locator" : "131:1-134:50",
            "name" : "ART Therapy Medication",
            "context" : "Patient",
            "accessLevel" : "Public",
            "expression" : {
               "locator" : "132:3-134:50",
               "type" : "Query",
               "source" : [ {
                  "locator" : "132:3-132:47",
                  "alias" : "M",
                  "expression" : {
                     "locator" : "132:3-132:45",
                     "type" : "Union",
                     "operand" : [ {
                        "dataType" : "{http://hl7.org/fhir}MedicationRequest",
                        "templateId" : "http://hl7.org/fhir/StructureDefinition/MedicationRequest",
                        "codeProperty" : "medication",
                        "codeComparator" : "in",
                        "type" : "Retrieve",
                        "codes" : {
                           "locator" : "132:25-132:44",
                           "name" : "ART Medications",
                           "libraryName" : "Cx",
                           "type" : "ValueSetRef"
                        }
                     }, {
                        "locator" : "132:3-132:45",
                        "dataType" : "{http://hl7.org/fhir}MedicationRequest",
                        "templateId" : "http://hl7.org/fhir/StructureDefinition/MedicationRequest",
                        "codeProperty" : "medication",
                        "codeComparator" : "in",
                        "type" : "Retrieve",
                        "codes" : {
                           "locator" : "132:25-132:44",
                           "name" : "ART Medications",
                           "libraryName" : "Cx",
                           "type" : "ValueSetRef"
                        }
                     } ]
                  }
               } ],
               "relationship" : [ ],
               "where" : {
                  "locator" : "134:5-134:50",
                  "type" : "In",
                  "operand" : [ {
                     "name" : "ToDateTime",
                     "libraryName" : "FHIRHelpers",
                     "type" : "FunctionRef",
                     "operand" : [ {
                        "locator" : "134:11-134:22",
                        "path" : "authoredOn",
                        "scope" : "M",
                        "type" : "Property"
                     } ]
                  }, {
                     "locator" : "134:31-134:50",
                     "name" : "Measurement Period",
                     "type" : "ParameterRef"
                  } ]
               }
            }
         }, {
            "locator" : "138:1-141:58",
            "name" : "ART Dates",
            "context" : "Patient",
            "accessLevel" : "Public",
            "expression" : {
               "locator" : "139:3-141:58",
               "type" : "Union",
               "operand" : [ {
                  "locator" : "139:3-140:64",
                  "type" : "Union",
                  "operand" : [ {
                     "locator" : "139:3-139:62",
                     "type" : "Query",
                     "source" : [ {
                        "locator" : "139:4-139:30",
                        "alias" : "O",
                        "expression" : {
                           "locator" : "139:4-139:28",
                           "name" : "ART Therapy Observation",
                           "type" : "ExpressionRef"
                        }
                     } ],
                     "relationship" : [ ],
                     "return" : {
                        "locator" : "139:32-139:61",
                        "expression" : {
                           "locator" : "139:39-139:61",
                           "strict" : false,
                           "type" : "As",
                           "operand" : {
                              "locator" : "139:39-139:49",
                              "path" : "effective",
                              "scope" : "O",
                              "type" : "Property"
                           },
                           "asTypeSpecifier" : {
                              "locator" : "139:54-139:61",
                              "name" : "{http://hl7.org/fhir}dateTime",
                              "type" : "NamedTypeSpecifier"
                           }
                        }
                     }
                  }, {
                     "locator" : "140:11-140:64",
                     "type" : "Query",
                     "source" : [ {
                        "locator" : "140:12-140:36",
                        "alias" : "C",
                        "expression" : {
                           "locator" : "140:12-140:34",
                           "name" : "ART Therapy Condition",
                           "type" : "ExpressionRef"
                        }
                     } ],
                     "relationship" : [ ],
                     "return" : {
                        "locator" : "140:38-140:63",
                        "expression" : {
                           "locator" : "140:45-140:63",
                           "strict" : false,
                           "type" : "As",
                           "operand" : {
                              "locator" : "140:45-140:51",
                              "path" : "onset",
                              "scope" : "C",
                              "type" : "Property"
                           },
                           "asTypeSpecifier" : {
                              "locator" : "140:56-140:63",
                              "name" : "{http://hl7.org/fhir}dateTime",
                              "type" : "NamedTypeSpecifier"
                           }
                        }
                     }
                  } ]
               }, {
                  "locator" : "141:11-141:58",
                  "type" : "Query",
                  "source" : [ {
                     "locator" : "141:12-141:37",
                     "alias" : "M",
                     "expression" : {
                        "locator" : "141:12-141:35",
                        "name" : "ART Therapy Medication",
                        "type" : "ExpressionRef"
                     }
                  } ],
                  "relationship" : [ ],
                  "return" : {
                     "locator" : "141:39-141:57",
                     "expression" : {
                        "locator" : "141:46-141:57",
                        "path" : "authoredOn",
                        "scope" : "M",
                        "type" : "Property"
                     }
                  }
               } ]
            }
         }, {
            "locator" : "146:1-147:18",
            "name" : "Date of First Evidence of ART",
            "context" : "Patient",
            "accessLevel" : "Public",
            "expression" : {
               "locator" : "147:3-147:18",
               "type" : "Min",
               "source" : {
                  "type" : "Query",
                  "source" : [ {
                     "alias" : "X",
                     "expression" : {
                        "locator" : "147:7-147:17",
                        "name" : "ART Dates",
                        "type" : "ExpressionRef"
                     }
                  } ],
                  "return" : {
                     "distinct" : false,
                     "expression" : {
                        "name" : "ToDateTime",
                        "libraryName" : "FHIRHelpers",
                        "type" : "FunctionRef",
                        "operand" : [ {
                           "name" : "X",
                           "type" : "AliasRef"
                        } ]
                     }
                  }
               }
            }
         }, {
            "locator" : "158:1-163:5",
            "name" : "On ART",
            "context" : "Patient",
            "accessLevel" : "Public",
            "expression" : {
               "locator" : "159:3-163:5",
               "type" : "Or",
               "operand" : [ {
                  "locator" : "159:3-159:60",
                  "type" : "Exists",
                  "operand" : {
                     "locator" : "159:10-159:60",
                     "type" : "Query",
                     "source" : [ {
                        "locator" : "159:11-159:23",
                        "alias" : "D",
                        "expression" : {
                           "locator" : "159:11-159:21",
                           "name" : "ART Dates",
                           "type" : "ExpressionRef"
                        }
                     } ],
                     "relationship" : [ ],
                     "where" : {
                        "locator" : "159:25-159:59",
                        "type" : "In",
                        "operand" : [ {
                           "name" : "ToDateTime",
                           "libraryName" : "FHIRHelpers",
                           "type" : "FunctionRef",
                           "operand" : [ {
                              "locator" : "159:31",
                              "name" : "D",
                              "type" : "AliasRef"
                           } ]
                        }, {
                           "locator" : "159:40-159:59",
                           "name" : "Measurement Period",
                           "type" : "ParameterRef"
                        } ]
                     }
                  }
               }, {
                  "locator" : "160:8-163:5",
                  "type" : "Exists",
                  "operand" : {
                     "locator" : "160:15-163:5",
                     "type" : "Query",
                     "source" : [ {
                        "locator" : "161:7-161:31",
                        "alias" : "C",
                        "expression" : {
                           "locator" : "161:7-161:29",
                           "name" : "ART Therapy Condition",
                           "type" : "ExpressionRef"
                        }
                     } ],
                     "relationship" : [ ],
                     "where" : {
                        "locator" : "162:9-162:74",
                        "type" : "Overlaps",
                        "operand" : [ {
                           "type" : "Interval",
                           "low" : {
                              "name" : "ToDateTime",
                              "libraryName" : "FHIRHelpers",
                              "type" : "FunctionRef",
                              "operand" : [ {
                                 "asType" : "{http://hl7.org/fhir}dateTime",
                                 "type" : "As",
                                 "operand" : {
                                    "path" : "low",
                                    "type" : "Property",
                                    "source" : {
                                       "locator" : "162:15-162:44",
                                       "lowClosed" : true,
                                       "highClosed" : true,
                                       "type" : "Interval",
                                       "low" : {
                                          "locator" : "162:24-162:30",
                                          "path" : "onset",
                                          "scope" : "C",
                                          "type" : "Property"
                                       },
                                       "high" : {
                                          "locator" : "162:33-162:43",
                                          "path" : "abatement",
                                          "scope" : "C",
                                          "type" : "Property"
                                       }
                                    }
                                 }
                              } ]
                           },
                           "lowClosedExpression" : {
                              "path" : "lowClosed",
                              "type" : "Property",
                              "source" : {
                                 "locator" : "162:15-162:44",
                                 "lowClosed" : true,
                                 "highClosed" : true,
                                 "type" : "Interval",
                                 "low" : {
                                    "locator" : "162:24-162:30",
                                    "path" : "onset",
                                    "scope" : "C",
                                    "type" : "Property"
                                 },
                                 "high" : {
                                    "locator" : "162:33-162:43",
                                    "path" : "abatement",
                                    "scope" : "C",
                                    "type" : "Property"
                                 }
                              }
                           },
                           "high" : {
                              "name" : "ToDateTime",
                              "libraryName" : "FHIRHelpers",
                              "type" : "FunctionRef",
                              "operand" : [ {
                                 "asType" : "{http://hl7.org/fhir}dateTime",
                                 "type" : "As",
                                 "operand" : {
                                    "path" : "high",
                                    "type" : "Property",
                                    "source" : {
                                       "locator" : "162:15-162:44",
                                       "lowClosed" : true,
                                       "highClosed" : true,
                                       "type" : "Interval",
                                       "low" : {
                                          "locator" : "162:24-162:30",
                                          "path" : "onset",
                                          "scope" : "C",
                                          "type" : "Property"
                                       },
                                       "high" : {
                                          "locator" : "162:33-162:43",
                                          "path" : "abatement",
                                          "scope" : "C",
                                          "type" : "Property"
                                       }
                                    }
                                 }
                              } ]
                           },
                           "highClosedExpression" : {
                              "path" : "highClosed",
                              "type" : "Property",
                              "source" : {
                                 "locator" : "162:15-162:44",
                                 "lowClosed" : true,
                                 "highClosed" : true,
                                 "type" : "Interval",
                                 "low" : {
                                    "locator" : "162:24-162:30",
                                    "path" : "onset",
                                    "scope" : "C",
                                    "type" : "Property"
                                 },
                                 "high" : {
                                    "locator" : "162:33-162:43",
                                    "path" : "abatement",
                                    "scope" : "C",
                                    "type" : "Property"
                                 }
                              }
                           }
                        }, {
                           "locator" : "162:55-162:74",
                           "name" : "Measurement Period",
                           "type" : "ParameterRef"
                        } ]
                     }
                  }
               } ]
            }
         }, {
            "locator" : "193:1-194:61",
            "name" : "Newly enrolled on antiretroviral therapy (ART) during measurement period",
            "context" : "Patient",
            "accessLevel" : "Public",
            "expression" : {
               "locator" : "194:3-194:61",
               "type" : "In",
               "operand" : [ {
                  "locator" : "194:3-194:33",
                  "name" : "Date of First Evidence of ART",
                  "type" : "ExpressionRef"
               }, {
                  "locator" : "194:42-194:61",
                  "name" : "Measurement Period",
                  "type" : "ParameterRef"
               } ]
            }
         }, {
            "locator" : "197:1-202:3",
            "name" : "Is Pregnant",
            "context" : "Patient",
            "accessLevel" : "Public",
            "expression" : {
               "locator" : "198:3-202:3",
               "type" : "Exists",
               "operand" : {
                  "locator" : "198:10-202:3",
                  "type" : "Query",
                  "source" : [ {
                     "locator" : "198:11-198:57",
                     "alias" : "C",
                     "expression" : {
                        "locator" : "198:11-198:55",
                        "dataType" : "{http://hl7.org/fhir}Condition",
                        "templateId" : "http://hl7.org/fhir/StructureDefinition/Condition",
                        "codeProperty" : "code",
                        "codeComparator" : "~",
                        "type" : "Retrieve",
                        "codes" : {
                           "type" : "ToList",
                           "operand" : {
                              "locator" : "198:23-198:54",
                              "name" : "Pregnancy status - Reported",
                              "libraryName" : "Cx",
                              "type" : "CodeRef"
                           }
                        }
                     }
                  } ],
                  "relationship" : [ ],
                  "where" : {
                     "locator" : "199:5-201:45",
                     "type" : "And",
                     "operand" : [ {
                        "locator" : "199:11-200:40",
                        "type" : "And",
                        "operand" : [ {
                           "locator" : "199:11-199:47",
                           "type" : "Equivalent",
                           "operand" : [ {
                              "name" : "ToConcept",
                              "libraryName" : "FHIRHelpers",
                              "type" : "FunctionRef",
                              "operand" : [ {
                                 "locator" : "199:11-199:30",
                                 "path" : "verificationStatus",
                                 "scope" : "C",
                                 "type" : "Property"
                              } ]
                           }, {
                              "type" : "ToConcept",
                              "operand" : {
                                 "locator" : "199:34-199:47",
                                 "name" : "confirmed",
                                 "libraryName" : "FC",
                                 "type" : "CodeRef"
                              }
                           } ]
                        }, {
                           "locator" : "200:11-200:40",
                           "type" : "Equivalent",
                           "operand" : [ {
                              "name" : "ToConcept",
                              "libraryName" : "FHIRHelpers",
                              "type" : "FunctionRef",
                              "operand" : [ {
                                 "locator" : "200:11-200:26",
                                 "path" : "clinicalStatus",
                                 "scope" : "C",
                                 "type" : "Property"
                              } ]
                           }, {
                              "type" : "ToConcept",
                              "operand" : {
                                 "locator" : "200:30-200:40",
                                 "name" : "active",
                                 "libraryName" : "FC",
                                 "type" : "CodeRef"
                              }
                           } ]
                        } ]
                     }, {
                        "locator" : "201:11-201:45",
                        "type" : "IncludedIn",
                        "operand" : [ {
                           "name" : "ToInterval",
                           "libraryName" : "FHIRHelpers",
                           "type" : "FunctionRef",
                           "operand" : [ {
                              "asType" : "{http://hl7.org/fhir}Period",
                              "type" : "As",
                              "operand" : {
                                 "locator" : "201:11-201:17",
                                 "path" : "onset",
                                 "scope" : "C",
                                 "type" : "Property"
                              }
                           } ]
                        }, {
                           "locator" : "201:26-201:45",
                           "name" : "Measurement Period",
                           "type" : "ParameterRef"
                        } ]
                     } ]
                  }
               }
            }
         }, {
            "locator" : "212:1-214:79",
            "name" : "Newly enrolled on antiretroviral therapy (ART) during measurement period (pregnant and breastfeeding)",
            "context" : "Patient",
            "accessLevel" : "Public",
            "expression" : {
               "locator" : "214:3-214:79",
               "type" : "And",
               "operand" : [ {
                  "locator" : "214:3-214:15",
                  "name" : "Is Pregnant",
                  "type" : "ExpressionRef"
               }, {
                  "locator" : "214:21-214:79",
                  "type" : "In",
                  "operand" : [ {
                     "locator" : "214:21-214:51",
                     "name" : "Date of First Evidence of ART",
                     "type" : "ExpressionRef"
                  }, {
                     "locator" : "214:60-214:79",
                     "name" : "Measurement Period",
                     "type" : "ParameterRef"
                  } ]
               } ]
            }
         }, {
            "locator" : "217:1-222:5",
            "name" : "Receiving antiretroviral therapy (ART) during measurement period",
            "context" : "Patient",
            "accessLevel" : "Public",
            "expression" : {
               "locator" : "218:3-222:5",
               "type" : "Or",
               "operand" : [ {
                  "locator" : "218:3-218:60",
                  "type" : "Exists",
                  "operand" : {
                     "locator" : "218:10-218:60",
                     "type" : "Query",
                     "source" : [ {
                        "locator" : "218:11-218:23",
                        "alias" : "D",
                        "expression" : {
                           "locator" : "218:11-218:21",
                           "name" : "ART Dates",
                           "type" : "ExpressionRef"
                        }
                     } ],
                     "relationship" : [ ],
                     "where" : {
                        "locator" : "218:25-218:59",
                        "type" : "In",
                        "operand" : [ {
                           "name" : "ToDateTime",
                           "libraryName" : "FHIRHelpers",
                           "type" : "FunctionRef",
                           "operand" : [ {
                              "locator" : "218:31",
                              "name" : "D",
                              "type" : "AliasRef"
                           } ]
                        }, {
                           "locator" : "218:40-218:59",
                           "name" : "Measurement Period",
                           "type" : "ParameterRef"
                        } ]
                     }
                  }
               }, {
                  "locator" : "219:8-222:5",
                  "type" : "Exists",
                  "operand" : {
                     "locator" : "219:15-222:5",
                     "type" : "Query",
                     "source" : [ {
                        "locator" : "220:7-220:31",
                        "alias" : "C",
                        "expression" : {
                           "locator" : "220:7-220:29",
                           "name" : "ART Therapy Condition",
                           "type" : "ExpressionRef"
                        }
                     } ],
                     "relationship" : [ ],
                     "where" : {
                        "locator" : "221:9-221:74",
                        "type" : "Overlaps",
                        "operand" : [ {
                           "type" : "Interval",
                           "low" : {
                              "name" : "ToDateTime",
                              "libraryName" : "FHIRHelpers",
                              "type" : "FunctionRef",
                              "operand" : [ {
                                 "asType" : "{http://hl7.org/fhir}dateTime",
                                 "type" : "As",
                                 "operand" : {
                                    "path" : "low",
                                    "type" : "Property",
                                    "source" : {
                                       "locator" : "221:15-221:44",
                                       "lowClosed" : true,
                                       "highClosed" : true,
                                       "type" : "Interval",
                                       "low" : {
                                          "locator" : "221:24-221:30",
                                          "path" : "onset",
                                          "scope" : "C",
                                          "type" : "Property"
                                       },
                                       "high" : {
                                          "locator" : "221:33-221:43",
                                          "path" : "abatement",
                                          "scope" : "C",
                                          "type" : "Property"
                                       }
                                    }
                                 }
                              } ]
                           },
                           "lowClosedExpression" : {
                              "path" : "lowClosed",
                              "type" : "Property",
                              "source" : {
                                 "locator" : "221:15-221:44",
                                 "lowClosed" : true,
                                 "highClosed" : true,
                                 "type" : "Interval",
                                 "low" : {
                                    "locator" : "221:24-221:30",
                                    "path" : "onset",
                                    "scope" : "C",
                                    "type" : "Property"
                                 },
                                 "high" : {
                                    "locator" : "221:33-221:43",
                                    "path" : "abatement",
                                    "scope" : "C",
                                    "type" : "Property"
                                 }
                              }
                           },
                           "high" : {
                              "name" : "ToDateTime",
                              "libraryName" : "FHIRHelpers",
                              "type" : "FunctionRef",
                              "operand" : [ {
                                 "asType" : "{http://hl7.org/fhir}dateTime",
                                 "type" : "As",
                                 "operand" : {
                                    "path" : "high",
                                    "type" : "Property",
                                    "source" : {
                                       "locator" : "221:15-221:44",
                                       "lowClosed" : true,
                                       "highClosed" : true,
                                       "type" : "Interval",
                                       "low" : {
                                          "locator" : "221:24-221:30",
                                          "path" : "onset",
                                          "scope" : "C",
                                          "type" : "Property"
                                       },
                                       "high" : {
                                          "locator" : "221:33-221:43",
                                          "path" : "abatement",
                                          "scope" : "C",
                                          "type" : "Property"
                                       }
                                    }
                                 }
                              } ]
                           },
                           "highClosedExpression" : {
                              "path" : "highClosed",
                              "type" : "Property",
                              "source" : {
                                 "locator" : "221:15-221:44",
                                 "lowClosed" : true,
                                 "highClosed" : true,
                                 "type" : "Interval",
                                 "low" : {
                                    "locator" : "221:24-221:30",
                                    "path" : "onset",
                                    "scope" : "C",
                                    "type" : "Property"
                                 },
                                 "high" : {
                                    "locator" : "221:33-221:43",
                                    "path" : "abatement",
                                    "scope" : "C",
                                    "type" : "Property"
                                 }
                              }
                           }
                        }, {
                           "locator" : "221:55-221:74",
                           "name" : "Measurement Period",
                           "type" : "ParameterRef"
                        } ]
                     }
                  }
               } ]
            }
         }, {
            "locator" : "225:1-226:81",
            "name" : "Year Preceding the Measurement Period",
            "context" : "Patient",
            "accessLevel" : "Public",
            "expression" : {
               "locator" : "226:3-226:81",
               "lowClosed" : true,
               "highClosed" : false,
               "type" : "Interval",
               "low" : {
                  "locator" : "226:12-226:49",
                  "type" : "Subtract",
                  "operand" : [ {
                     "locator" : "226:12-226:40",
                     "type" : "Start",
                     "operand" : {
                        "locator" : "226:21-226:40",
                        "name" : "Measurement Period",
                        "type" : "ParameterRef"
                     }
                  }, {
                     "locator" : "226:44-226:49",
                     "value" : 1,
                     "unit" : "year",
                     "type" : "Quantity"
                  } ]
               },
               "high" : {
                  "locator" : "226:52-226:80",
                  "type" : "Start",
                  "operand" : {
                     "locator" : "226:61-226:80",
                     "name" : "Measurement Period",
                     "type" : "ParameterRef"
                  }
               }
            }
         }, {
            "locator" : "229:1-230:120",
            "name" : "Month Before the Year Preceding the Measurement Period",
            "context" : "Patient",
            "accessLevel" : "Public",
            "expression" : {
               "locator" : "230:3-230:120",
               "lowClosed" : true,
               "highClosed" : false,
               "type" : "Interval",
               "low" : {
                  "locator" : "230:12-230:69",
                  "type" : "Subtract",
                  "operand" : [ {
                     "locator" : "230:12-230:59",
                     "type" : "Start",
                     "operand" : {
                        "locator" : "230:21-230:59",
                        "name" : "Year Preceding the Measurement Period",
                        "type" : "ExpressionRef"
                     }
                  }, {
                     "locator" : "230:63-230:69",
                     "value" : 1,
                     "unit" : "month",
                     "type" : "Quantity"
                  } ]
               },
               "high" : {
                  "locator" : "230:72-230:119",
                  "type" : "Start",
                  "operand" : {
                     "locator" : "230:81-230:119",
                     "name" : "Year Preceding the Measurement Period",
                     "type" : "ExpressionRef"
                  }
               }
            }
         }, {
            "locator" : "233:1-235:74",
            "name" : "Receiving antiretroviral therapy (ART) at 12 months after initiating",
            "context" : "Patient",
            "accessLevel" : "Public",
            "expression" : {
               "locator" : "234:3-235:74",
               "type" : "And",
               "operand" : [ {
                  "locator" : "234:3-234:97",
                  "type" : "In",
                  "operand" : [ {
                     "locator" : "234:3-234:33",
                     "name" : "Date of First Evidence of ART",
                     "type" : "ExpressionRef"
                  }, {
                     "locator" : "234:42-234:97",
                     "name" : "Month Before the Year Preceding the Measurement Period",
                     "type" : "ExpressionRef"
                  } ]
               }, {
                  "locator" : "235:9-235:74",
                  "name" : "Receiving antiretroviral therapy (ART) during measurement period",
                  "type" : "ExpressionRef"
               } ]
            }
         }, {
            "locator" : "238:1-240:21",
            "name" : "Receiving antiretroviral therapy (ART) at 12 months after initiating (pregnant and breastfeeding)",
            "context" : "Patient",
            "accessLevel" : "Public",
            "expression" : {
               "locator" : "239:3-240:21",
               "type" : "And",
               "operand" : [ {
                  "locator" : "239:3-239:72",
                  "name" : "Receiving antiretroviral therapy (ART) at 12 months after initiating",
                  "type" : "ExpressionRef"
               }, {
                  "locator" : "240:9-240:21",
                  "name" : "Is Pregnant",
                  "type" : "ExpressionRef"
               } ]
            }
         }, {
            "locator" : "244:1-245:80",
            "name" : "Initiated antiretroviral therapy (ART) in the 12 months prior to measurement period",
            "context" : "Patient",
            "accessLevel" : "Public",
            "expression" : {
               "locator" : "245:3-245:80",
               "type" : "In",
               "operand" : [ {
                  "locator" : "245:3-245:33",
                  "name" : "Date of First Evidence of ART",
                  "type" : "ExpressionRef"
               }, {
                  "locator" : "245:42-245:80",
                  "name" : "Year Preceding the Measurement Period",
                  "type" : "ExpressionRef"
               } ]
            }
         }, {
            "locator" : "276:1-278:76",
            "name" : "Pregnant and receiving antiretroviral therapy (ART) to reduce the risk of mother-to-child-transmission during pregnancy",
            "context" : "Patient",
            "accessLevel" : "Public",
            "expression" : {
               "locator" : "277:5-278:76",
               "type" : "And",
               "operand" : [ {
                  "locator" : "277:5-277:17",
                  "name" : "Is Pregnant",
                  "type" : "ExpressionRef"
               }, {
                  "locator" : "278:11-278:76",
                  "name" : "Receiving antiretroviral therapy (ART) during measurement period",
                  "type" : "ExpressionRef"
               } ]
            }
         } ]
      }
   }
}