<?xml version="1.0" encoding="UTF-8"?>

<ValueSet xmlns="http://hl7.org/fhir">
  <id value="Pregnant"/>
  <text>
    <status value="generated"/><div xmlns="http://www.w3.org/1999/xhtml"><p>This value set includes codes based on the following rules:</p><ul><li>Include these codes as defined in <a href="http://www.snomed.org/"><code>http://snomed.info/sct</code></a><table class="none"><tr><td style="white-space:nowrap"><b>Code</b></td><td><b>Display</b></td></tr><tr><td><a href="http://snomed.info/id/77386006">77386006</a></td><td>Pregnancy (finding)</td></tr></table></li><li>Include these codes as defined in <a href="CodeSystem-CIEL.html"><code>https://path-global-health.github.io/MERindicators/CodeSystem/CIEL</code></a><table class="none"><tr><td style="white-space:nowrap"><b>Code</b></td><td><b>Display</b></td></tr><tr><td><a href="CodeSystem-CIEL.html#CIEL-1434">1434</a></td><td>Currently pregnant</td></tr></table></li></ul></div>
  </text>
  <url value="https://path-global-health.github.io/MERindicators/ValueSet/Pregnant"/>
  <version value="0.0.1"/>
  <name value="Pregnant"/>
  <title value="Pregnant"/>
  <status value="draft"/>
  <experimental value="true"/>
  <date value="2023-06-22T13:19:54+00:00"/>
  <publisher value="PATH"/>
  <contact>
    <name value="PATH"/>
    <telecom>
      <system value="url"/>
      <value value="https://www.path.org"/>
    </telecom>
    <telecom>
      <system value="email"/>
      <value value="info@path.org"/>
    </telecom>
  </contact>
  <contact>
    <name value="PATH"/>
    <telecom>
      <system value="email"/>
      <value value="info@path.org"/>
      <use value="work"/>
    </telecom>
  </contact>
  <description value="Currently pregnant"/>
  <jurisdiction>
    <coding>
      <system value="http://unstats.un.org/unsd/methods/m49/m49.htm"/>
      <code value="001"/>
      <display value="World"/>
    </coding>
  </jurisdiction>
  <compose>
    <include>
      <system value="http://snomed.info/sct"/>
      <concept>
        <code value="77386006"/>
        <display value="Pregnancy (finding)"/>
      </concept>
    </include>
    <include>
      <system value="https://path-global-health.github.io/MERindicators/CodeSystem/CIEL"/>
      <concept>
        <code value="1434"/>
        <display value="Currently pregnant"/>
      </concept>
    </include>
  </compose>
</ValueSet>